Include,Index,Color,Sensor Location,Sensor Type,Sensor Lot No,Sensor Info,Replicate Group,Baseline Loc.,Assoc. (Sample) Loc.,Sample ID,Sample Info,Dissoc. Loc.,Loading Loc.,Loading Sample ID,Loading Conc. (ug/ml),Loading Response,Cycle,Conc. (nM),Response,KD (M),KD2,KD Error,KD2 Error,ka (1/Ms),ka2,ka Error,ka2 Error,kdis (1/s),kdis2,kdis Error,kdis2 Error,Rmax,Rmax2,Rmax Error,Rmax2 Error,kobs (1/s),kobs2,kobs Error,kobs2 Error,Req,Req2,Req/Rmax(%),Req2/Rmax2,RSS,Full R^2,KD(%),KD2(%),File location,
x,1,#005CA2,t1A1,FAB2G (Anti-Fab 2nd generation),,,N/A,p1A7,p1A9,h2,,p1A8,p1A2,Fab22,20,1.44,1,1000,0.1604,4.962E-07,6.249E-07,3.407E-08,2.941E-08,1.614E05,2.271E03,1.008E04,1.033E02,8.009E-02,1.419E-03,2.284E-03,1.712E-05,0.0512,0.3976,0.0014,0.0144,2.415E-01,3.690E-03,1.236E-02,1.204E-04,0.0342,0.2447,66.8,61.5,0.0159,0.9905,11.0,89.0,C:\Users\Labuser\Desktop\Monica\Mahdi_Y_N\KD_H2_H3\260204_001.frd,
x,2,#005CA2,t1A1,FAB2G (Anti-Fab 2nd generation),,,N/A,p1A7,p1A10,H3,,p1A8,p1A2,Fab22,20,1.53,1,1000,1.6673,2.220E-08,2.320E-07,9.313E-10,3.811E-09,5.756E03,7.541E04,2.237E01,1.080E03,1.278E-04,1.749E-02,5.338E-06,1.408E-04,2.1553,0.2848,0.003,0.0024,5.884E-03,9.290E-02,2.770E-05,1.221E-03,2.1085,0.2311,97.8,81.2,0.0587,0.9998,88.0,12.0,C:\Users\Labuser\Desktop\Monica\Mahdi_Y_N\KD_H2_H3\260204_001.frd,
x,3,#005CA2,t1A1,FAB2G (Anti-Fab 2nd generation),,,N/A,p1A7,p1A9,h2,,p1A8,p1A3,Fab6,20,1.29,2,1000,0.0825,4.600E-07,5.029E-07,6.127E-08,1.970E-08,3.415E05,6.577E03,4.192E04,2.442E02,1.571E-01,3.307E-03,8.122E-03,4.126E-05,0.0345,0.101,0.0017,0.0021,4.986E-01,9.884E-03,5.005E-02,2.854E-04,0.0236,0.0672,68.5,66.5,0.0169,0.9688,25.0,75.0,C:\Users\Labuser\Desktop\Monica\Mahdi_Y_N\KD_H2_H3\260204_001.frd,
x,4,#005CA2,t1A1,FAB2G (Anti-Fab 2nd generation),,,N/A,p1A7,p1A10,H3,,p1A8,p1A3,Fab6,20,1.30,2,1000,1.062,6.439E-12,2.578E-07,1.493E-10,3.577E-08,7.493E03,1.210E04,4.162E02,7.219E02,<1.0E-07,3.119E-03,<1.0E-07,3.907E-04,0.7881,0.5573,0.0514,0.0442,7.494E-03,1.522E-02,4.173E-04,1.113E-03,0.7881,0.4431,100.0,79.5,0.8967,0.9917,59.0,41.0,C:\Users\Labuser\Desktop\Monica\Mahdi_Y_N\KD_H2_H3\260204_001.frd,
x,5,#005CA2,t1A1,FAB2G (Anti-Fab 2nd generation),,,N/A,p1A7,p1A9,h2,,p1A8,p1A4,Fab10,20,1.21,3,1000,0.0759,4.907E-07,4.920E-07,5.402E-08,2.378E-08,1.908E05,5.944E03,1.915E04,2.692E02,9.364E-02,2.924E-03,4.236E-03,4.932E-05,0.0339,0.0926,0.0015,0.0024,2.845E-01,8.868E-03,2.339E-02,3.185E-04,0.0227,0.0621,67.1,67.0,0.0162,0.9636,27.0,73.0,C:\Users\Labuser\Desktop\Monica\Mahdi_Y_N\KD_H2_H3\260204_001.frd,
x,6,#005CA2,t1A1,FAB2G (Anti-Fab 2nd generation),,,N/A,p1A7,p1A10,H3,,p1A8,p1A4,Fab10,20,1.22,3,1000,1.0126,6.382E-12,2.737E-07,1.463E-10,3.726E-08,7.561E03,1.172E04,4.251E02,7.451E02,<1.0E-07,3.208E-03,<1.0E-07,3.862E-04,0.7557,0.5344,0.0477,0.0402,7.561E-03,1.493E-02,4.262E-04,1.131E-03,0.7557,0.4196,100.0,78.5,0.81,0.9918,59.0,41.0,C:\Users\Labuser\Desktop\Monica\Mahdi_Y_N\KD_H2_H3\260204_001.frd,
x,7,#005CA2,t1A1,FAB2G (Anti-Fab 2nd generation),,,N/A,p1A7,p1A9,h2,,p1A8,p1A5,Fab11,20,1.51,4,1000,0.0587,3.796E-07,6.813E-07,1.658E-08,9.922E-08,1.050E04,2.063E05,4.164E02,2.771E04,3.986E-03,1.405E-01,7.318E-05,7.921E-03,0.0538,0.0349,0.0009,0.0023,1.449E-02,3.469E-01,4.896E-04,3.563E-02,0.039,0.0208,72.5,59.5,0.0163,0.9588,61.0,39.0,C:\Users\Labuser\Desktop\Monica\Mahdi_Y_N\KD_H2_H3\260204_001.frd,
x,8,#005CA2,t1A1,FAB2G (Anti-Fab 2nd generation),,,N/A,p1A7,p1A10,H3,,p1A8,p1A5,Fab11,20,1.51,4,1000,0.9443,6.566E-12,3.026E-07,1.488E-10,3.748E-08,7.348E03,1.137E04,4.120E02,7.210E02,<1.0E-07,3.440E-03,<1.0E-07,3.662E-04,0.7151,0.5091,0.0405,0.0329,7.348E-03,1.481E-02,4.131E-04,1.087E-03,0.7151,0.3909,100.0,76.8,0.692,0.9919,58.0,42.0,C:\Users\Labuser\Desktop\Monica\Mahdi_Y_N\KD_H2_H3\260204_001.frd,
x,9,#005CA2,t1A1,FAB2G (Anti-Fab 2nd generation),,,N/A,p1A7,p1A9,h2,,p1A8,p1A6,WT,20,1.36,5,1000,0.0483,3.375E-07,8.731E-07,1.351E-08,2.146E-07,2.005E04,4.316E05,7.293E02,9.943E04,6.768E-03,3.768E-01,1.131E-04,3.226E-02,0.0377,0.0368,0.0005,0.0046,2.682E-02,8.084E-01,8.424E-04,1.317E-01,0.0282,0.0196,74.8,53.4,0.0157,0.9664,51.0,49.0,C:\Users\Labuser\Desktop\Monica\Mahdi_Y_N\KD_H2_H3\260204_001.frd,
x,10,#005CA2,t1A1,FAB2G (Anti-Fab 2nd generation),,,N/A,p1A7,p1A10,H3,,p1A8,p1A6,WT,20,1.37,5,1000,0.6715,1.610E-11,4.161E-07,,3.785E-08,7.379E03,1.162E04,3.734E02,6.959E02,1.188E-07,4.836E-03,,3.312E-04,0.5154,0.3771,0.0192,0.0134,7.379E-03,1.646E-02,,1.027E-03,0.5154,0.2663,100.0,70.6,0.4135,0.9898,58.0,42.0,C:\Users\Labuser\Desktop\Monica\Mahdi_Y_N\KD_H2_H3\260204_001.frd,
x,11,#7C0B0B,t1B1,FAB2G (Anti-Fab 2nd generation),,,N/A,p1B7,p1B9,h2,,p1B8,p1B2,Fab22,20,1.41,1,500,0.0766,8.718E-08,3.860E-07,6.243E-09,3.090E-08,2.976E05,4.934E03,1.935E04,3.813E02,2.595E-02,1.904E-03,7.786E-04,3.983E-05,0.0242,0.1729,0.0006,0.0099,1.748E-01,4.371E-03,1.045E-02,2.305E-04,0.0206,0.0976,85.2,56.4,0.0102,0.9755,12.0,88.0,C:\Users\Labuser\Desktop\Monica\Mahdi_Y_N\KD_H2_H3\260204_002.frd,
x,12,#7C0B0B,t1B1,FAB2G (Anti-Fab 2nd generation),,,N/A,p1B7,p1B10,H3,,p1B8,p1B2,Fab22,20,1.49,1,500,0.9727,4.955E-12,1.047E-07,,2.181E-08,1.074E04,1.890E04,9.450E02,1.231E03,<1.0E-07,1.979E-03,,3.916E-04,0.8013,0.5867,0.0955,0.0895,5.370E-03,1.143E-02,,1.007E-03,0.8013,0.4851,100.0,82.7,0.4725,0.9957,58.0,42.0,C:\Users\Labuser\Desktop\Monica\Mahdi_Y_N\KD_H2_H3\260204_002.frd,
x,13,#7C0B0B,t1B1,FAB2G (Anti-Fab 2nd generation),,,N/A,p1B7,p1B9,h2,,p1B8,p1B3,Fab6,20,1.24,2,500,0.0413,4.759E-08,2.018E-07,4.716E-09,1.513E-08,3.762E05,1.906E04,3.453E04,1.265E03,1.791E-02,3.846E-03,6.682E-04,1.338E-04,0.0186,0.0346,0.0007,0.0008,2.060E-01,1.337E-02,1.794E-02,7.664E-04,0.017,0.0246,91.3,71.2,0.011,0.9447,35.0,65.0,C:\Users\Labuser\Desktop\Monica\Mahdi_Y_N\KD_H2_H3\260204_002.frd,
x,14,#7C0B0B,t1B1,FAB2G (Anti-Fab 2nd generation),,,N/A,p1B7,p1B10,H3,,p1B8,p1B3,Fab6,20,1.25,2,500,0.5955,4.077E-12,1.508E-07,9.391E-11,2.529E-08,1.183E04,1.820E04,9.994E02,1.507E03,<1.0E-07,2.744E-03,<1.0E-07,4.002E-04,0.4863,0.3591,0.0443,0.0361,5.917E-03,1.184E-02,5.008E-04,1.154E-03,0.4863,0.2759,100.0,76.8,0.2681,0.993,58.0,42.0,C:\Users\Labuser\Desktop\Monica\Mahdi_Y_N\KD_H2_H3\260204_002.frd,
x,15,#7C0B0B,t1B1,FAB2G (Anti-Fab 2nd generation),,,N/A,p1B7,p1B9,h2,,p1B8,p1B4,Fab10,20,1.16,3,500,0.0441,2.725E-08,3.068E-08,6.435E-09,2.073E-09,1.652E04,4.565E05,1.144E03,2.823E04,4.502E-04,1.401E-02,1.016E-04,3.818E-04,0.0258,0.0248,0.0007,0.0005,8.710E-03,2.423E-01,6.738E-04,1.450E-02,0.0245,0.0234,94.8,94.2,0.0108,0.9214,51.0,49.0,C:\Users\Labuser\Desktop\Monica\Mahdi_Y_N\KD_H2_H3\260204_002.frd,
x,16,#7C0B0B,t1B1,FAB2G (Anti-Fab 2nd generation),,,N/A,p1B7,p1B10,H3,,p1B8,p1B4,Fab10,20,1.15,3,500,0.5642,4.021E-12,1.662E-07,8.445E-11,2.659E-08,1.200E04,1.696E04,1.010E03,1.547E03,<1.0E-07,2.820E-03,<1.0E-07,3.706E-04,0.4642,0.346,0.0396,0.0321,6.000E-03,1.130E-02,5.059E-04,1.144E-03,0.4642,0.2597,100.0,75.1,0.2061,0.9941,57.0,43.0,C:\Users\Labuser\Desktop\Monica\Mahdi_Y_N\KD_H2_H3\260204_002.frd,
x,17,#7C0B0B,t1B1,FAB2G (Anti-Fab 2nd generation),,,N/A,p1B7,p1B9,h2,,p1B8,p1B5,Fab11,20,1.44,4,500,0.0276,2.994E-08,6.898E-07,1.093E-04,5.487E-03,4.382E05,1.902E04,9.566E07,1.225E08,1.312E-02,1.312E-02,4.783E01,6.125E01,0.0166,0.0293,3.6145,188.971,2.322E-01,2.263E-02,9.566E01,1.225E02,0.0156,0.0123,94.3,42.0,0.0112,0.9429,36.0,64.0,C:\Users\Labuser\Desktop\Monica\Mahdi_Y_N\KD_H2_H3\260204_002.frd,
x,18,#7C0B0B,t1B1,FAB2G (Anti-Fab 2nd generation),,,N/A,p1B7,p1B10,H3,,p1B8,p1B5,Fab11,20,1.44,4,500,0.5159,4.124E-12,1.942E-07,9.037E-11,2.747E-08,1.170E04,1.673E04,9.738E02,1.510E03,<1.0E-07,3.249E-03,<1.0E-07,3.541E-04,0.4321,0.3246,0.032,0.0244,5.850E-03,1.162E-02,4.879E-04,1.109E-03,0.4321,0.2338,100.0,72.0,0.1893,0.9934,57.0,43.0,C:\Users\Labuser\Desktop\Monica\Mahdi_Y_N\KD_H2_H3\260204_002.frd,
x,19,#7C0B0B,t1B1,FAB2G (Anti-Fab 2nd generation),,,N/A,p1B7,p1B9,h2,,p1B8,p1B6,WT,20,1.29,5,500,0.0261,1.192E-08,8.531E-08,3.122E-09,1.008E-08,1.709E06,1.299E05,4.300E05,1.359E04,2.038E-02,1.108E-02,1.478E-03,6.080E-04,0.0128,0.0164,0.0013,0.0012,8.748E-01,7.605E-02,2.165E-01,7.403E-03,0.0125,0.014,97.7,85.4,0.0124,0.941,44.0,56.0,C:\Users\Labuser\Desktop\Monica\Mahdi_Y_N\KD_H2_H3\260204_002.frd,
x,20,#7C0B0B,t1B1,FAB2G (Anti-Fab 2nd generation),,,N/A,p1B7,p1B10,H3,,p1B8,p1B6,WT,20,1.30,5,500,0.3718,4.057E-12,1.949E-07,1.060E-10,2.272E-08,1.189E04,2.011E04,8.617E02,1.392E03,<1.0E-07,3.919E-03,<1.0E-07,3.676E-04,0.3063,0.2252,0.0182,0.0124,5.947E-03,1.397E-02,4.321E-04,1.064E-03,0.3063,0.1621,100.0,72.0,0.138,0.9898,58.0,42.0,C:\Users\Labuser\Desktop\Monica\Mahdi_Y_N\KD_H2_H3\260204_002.frd,
x,21,#00B9BE,t1C1,FAB2G (Anti-Fab 2nd generation),,,N/A,p1C7,p1C9,h2,,p1C8,p1C2,Fab22,20,1.42,1,250,0.0458,2.404E-08,2.565E-07,2.465E-09,6.478E-08,4.375E05,7.167E03,3.797E04,1.766E03,1.052E-02,1.839E-03,5.744E-04,1.010E-04,0.018,0.1229,0.0007,0.0236,1.199E-01,3.630E-03,1.007E-02,5.426E-04,0.0165,0.0606,91.2,49.4,0.013,0.9216,13.0,87.0,C:\Users\Labuser\Desktop\Monica\Mahdi_Y_N\KD_H2_H3\260204_003.frd,
x,22,#00B9BE,t1C1,FAB2G (Anti-Fab 2nd generation),,,N/A,p1C7,p1C10,H3,,p1C8,p1C2,Fab22,20,1.50,1,250,0.5525,2.396E-12,9.870E-08,4.159E-11,1.890E-08,2.014E04,2.503E04,2.328E03,3.355E03,<1.0E-07,2.470E-03,<1.0E-07,3.377E-04,0.503,0.3907,0.0552,0.0465,5.035E-03,8.728E-03,5.829E-04,1.177E-03,0.5029,0.2801,100.0,71.7,0.1364,0.9964,56.0,44.0,C:\Users\Labuser\Desktop\Monica\Mahdi_Y_N\KD_H2_H3\260204_003.frd,
x,23,#00B9BE,t1C1,FAB2G (Anti-Fab 2nd generation),,,N/A,p1C7,p1C9,h2,,p1C8,p1C3,Fab6,20,1.26,2,250,0.024,7.707E-09,1.251E-07,8.515E-05,1.064E-03,1.103E06,6.794E04,3.754E08,2.585E08,8.499E-03,8.499E-03,9.385E01,6.463E01,0.0105,0.0222,3.5604,84.6169,2.842E-01,2.548E-02,1.877E02,1.293E02,0.0101,0.0148,97.0,66.7,0.013,0.8881,32.0,68.0,C:\Users\Labuser\Desktop\Monica\Mahdi_Y_N\KD_H2_H3\260204_003.frd,
x,24,#00B9BE,t1C1,FAB2G (Anti-Fab 2nd generation),,,N/A,p1C7,p1C10,H3,,p1C8,p1C3,Fab6,20,1.26,2,250,0.3312,2.256E-12,1.124E-07,5.392E-11,1.734E-08,2.139E04,3.020E04,2.171E03,3.275E03,<1.0E-07,3.395E-03,<1.0E-07,3.722E-04,0.2906,0.2228,0.0245,0.0181,5.347E-03,1.094E-02,5.438E-04,1.191E-03,0.2906,0.1537,100.0,69.0,0.0925,0.9922,57.0,43.0,C:\Users\Labuser\Desktop\Monica\Mahdi_Y_N\KD_H2_H3\260204_003.frd,
x,25,#00B9BE,t1C1,FAB2G (Anti-Fab 2nd generation),,,N/A,p1C7,p1C9,h2,,p1C8,p1C4,Fab10,20,1.18,3,250,0.0297,7.062E-09,5.915E-08,9.012E-10,1.014E-08,1.123E06,4.340E04,1.138E05,4.318E03,7.929E-03,2.567E-03,6.145E-04,3.584E-04,0.017,0.0177,0.0006,0.0007,2.886E-01,1.342E-02,2.908E-02,1.438E-03,0.0165,0.0143,97.3,80.9,0.0127,0.8481,49.0,51.0,C:\Users\Labuser\Desktop\Monica\Mahdi_Y_N\KD_H2_H3\260204_003.frd,
x,26,#00B9BE,t1C1,FAB2G (Anti-Fab 2nd generation),,,N/A,p1C7,p1C10,H3,,p1C8,p1C4,Fab10,20,1.18,3,250,0.3162,2.596E-12,1.314E-07,,2.075E-08,2.051E04,2.759E04,2.146E03,3.385E03,<1.0E-07,3.624E-03,,3.606E-04,0.2932,0.22,0.024,0.0183,5.127E-03,1.052E-02,,1.207E-03,0.2932,0.1442,100.0,65.6,0.0814,0.9927,57.0,43.0,C:\Users\Labuser\Desktop\Monica\Mahdi_Y_N\KD_H2_H3\260204_003.frd,
x,27,#00B9BE,t1C1,FAB2G (Anti-Fab 2nd generation),,,N/A,p1C7,p1C9,h2,,p1C8,p1C5,Fab11,20,1.48,4,250,0.0123,1.482E-07,3.475E04,1.948E-08,5.032E26,1.816E05,4.273E-02,2.212E04,6.187E20,2.691E-02,1.485E03,1.334E-03,1.377E18,0.0237,0,0.0014,1324223636648210,7.231E-02,1.485E03,6.863E-03,1.377E18,0.0149,0,62.8,0.0,0.0291,0.7984,100.0,0.0,C:\Users\Labuser\Desktop\Monica\Mahdi_Y_N\KD_H2_H3\260204_003.frd,
x,28,#00B9BE,t1C1,FAB2G (Anti-Fab 2nd generation),,,N/A,p1C7,p1C10,H3,,p1C8,p1C5,Fab11,20,1.48,4,250,0.285,2.293E-12,1.364E-07,5.786E-11,1.755E-08,2.104E04,3.105E04,1.938E03,3.054E03,<1.0E-07,4.236E-03,<1.0E-07,3.515E-04,0.2561,0.1961,0.0175,0.012,5.260E-03,1.200E-02,4.857E-04,1.115E-03,0.2561,0.1268,100.0,64.7,0.0786,0.9906,57.0,43.0,C:\Users\Labuser\Desktop\Monica\Mahdi_Y_N\KD_H2_H3\260204_003.frd,
x,29,#00B9BE,t1C1,FAB2G (Anti-Fab 2nd generation),,,N/A,p1C7,p1C9,h2,,p1C8,p1C6,WT,20,1.32,5,250,0.0131,1.797E-08,1.345E-07,1.662E-07,1.158E-06,1.445E06,1.914E05,1.370E06,7.809E05,2.596E-02,2.574E-02,2.390E-01,1.953E-01,0.0077,0.0133,0.0065,0.0546,3.872E-01,7.359E-02,5.815E-01,3.905E-01,0.0072,0.0087,93.3,65.0,0.0225,0.8415,37.0,63.0,C:\Users\Labuser\Desktop\Monica\Mahdi_Y_N\KD_H2_H3\260204_003.frd,
x,30,#00B9BE,t1C1,FAB2G (Anti-Fab 2nd generation),,,N/A,p1C7,p1C10,H3,,p1C8,p1C6,WT,20,1.32,5,250,0.2376,3.470E-08,5.181E-08,1.295E-09,2.086E-09,1.650E04,3.233E05,3.269E02,1.153E04,5.725E-04,1.675E-02,1.811E-05,3.128E-04,0.3685,0.056,0.0036,0.0011,4.697E-03,9.758E-02,9.983E-05,3.196E-03,0.3236,0.0464,87.8,82.8,0.0152,0.9969,87.0,13.0,C:\Users\Labuser\Desktop\Monica\Mahdi_Y_N\KD_H2_H3\260204_003.frd,
x,31,#00AA46,t1D1,FAB2G (Anti-Fab 2nd generation),,,N/A,p1D7,p1D9,h2,,p1D8,p1D2,Fab22,20,1.41,1,125,0.0142,5.067E-09,7.209E-06,3.503E-09,2.724E-04,2.315E06,1.456E03,5.067E05,5.503E04,1.173E-02,1.050E-02,7.695E-03,7.145E-03,0.0087,0.5168,0.0006,19.5238,3.012E-01,1.068E-02,7.103E-02,1.402E-02,0.0084,0.0088,96.1,1.7,0.0147,0.7866,2.0,98.0,C:\Users\Labuser\Desktop\Monica\Mahdi_Y_N\KD_H2_H3\260204_004.frd,
x,32,#00AA46,t1D1,FAB2G (Anti-Fab 2nd generation),,,N/A,p1D7,p1D10,H3,,p1D8,p1D2,Fab22,20,1.50,1,125,0.2714,1.402E-12,6.482E-08,2.896E-11,1.736E-08,3.442E04,3.987E04,6.228E03,8.800E03,<1.0E-07,2.584E-03,<1.0E-07,3.922E-04,0.2752,0.2228,0.0427,0.0385,4.303E-03,7.569E-03,7.795E-04,1.492E-03,0.2752,0.1467,100.0,65.9,0.0479,0.995,55.0,45.0,C:\Users\Labuser\Desktop\Monica\Mahdi_Y_N\KD_H2_H3\260204_004.frd,
x,33,#00AA46,t1D1,FAB2G (Anti-Fab 2nd generation),,,N/A,p1D7,p1D9,h2,,p1D8,p1D3,Fab6,20,1.26,2,125,0.0116,<1.0E-12,5.608E-09,,1.212E-09,2.839E10,2.432E06,,3.910E05,1.727E-02,1.364E-02,6.683E-02,1.969E-03,0.0006,0.0141,,0.0015,3.549E03,3.176E-01,,5.084E-02,0.0006,0.0135,100.0,95.7,0.0155,0.7974,4.0,96.0,C:\Users\Labuser\Desktop\Monica\Mahdi_Y_N\KD_H2_H3\260204_004.frd,
x,34,#00AA46,t1D1,FAB2G (Anti-Fab 2nd generation),,,N/A,p1D7,p1D10,H3,,p1D8,p1D3,Fab6,20,1.27,2,125,0.159,1.713E-12,4.550E-08,,7.866E-09,3.077E04,6.916E04,4.723E03,5.884E03,<1.0E-07,3.147E-03,,4.736E-04,0.1582,0.1127,0.0191,0.0111,3.846E-03,1.179E-02,,1.209E-03,0.1582,0.0826,100.0,73.3,0.041,0.985,58.0,42.0,C:\Users\Labuser\Desktop\Monica\Mahdi_Y_N\KD_H2_H3\260204_004.frd,
x,35,#00AA46,t1D1,FAB2G (Anti-Fab 2nd generation),,,N/A,p1D7,p1D9,h2,,p1D8,p1D4,Fab10,20,1.18,3,125,0.0116,1.968E-09,1.137E-08,9.048E-08,8.358E-07,4.496E06,7.767E05,4.094E06,5.156E06,8.848E-03,8.832E-03,4.068E-01,6.465E-01,0.0078,0.0053,0.0065,0.0353,5.709E-01,1.059E-01,9.186E-01,1.291E00,0.0077,0.0048,98.5,91.7,0.0131,0.7165,60.0,40.0,C:\Users\Labuser\Desktop\Monica\Mahdi_Y_N\KD_H2_H3\260204_004.frd,
x,36,#00AA46,t1D1,FAB2G (Anti-Fab 2nd generation),,,N/A,p1D7,p1D10,H3,,p1D8,p1D4,Fab10,20,1.18,3,125,0.1504,1.435E-12,6.486E-08,4.298E-11,1.303E-08,3.362E04,5.036E04,5.537E03,7.497E03,<1.0E-07,3.266E-03,<1.0E-07,4.405E-04,0.1504,0.1189,0.0204,0.0134,4.202E-03,9.561E-03,6.936E-04,1.378E-03,0.1504,0.0783,100.0,65.8,0.0291,0.9891,56.0,44.0,C:\Users\Labuser\Desktop\Monica\Mahdi_Y_N\KD_H2_H3\260204_004.frd,
x,37,#00AA46,t1D1,FAB2G (Anti-Fab 2nd generation),,,N/A,p1D7,p1D9,h2,,p1D8,p1D5,Fab11,20,1.48,4,125,0.0011,9.919E-10,9.919E-10,0.000E00,0.000E00,4.000E04,4.000E04,0.000E00,0.000E00,3.968E-05,3.968E-05,0.000E00,0.000E00,0,0,,,5.040E-03,5.040E-03,0.000E00,0.000E00,0,0,,,0.1026,,,,C:\Users\Labuser\Desktop\Monica\Mahdi_Y_N\KD_H2_H3\260204_004.frd,
x,38,#00AA46,t1D1,FAB2G (Anti-Fab 2nd generation),,,N/A,p1D7,p1D10,H3,,p1D8,p1D5,Fab11,20,1.48,4,125,0.1291,1.873E-12,8.815E-08,,1.142E-08,2.822E04,5.245E04,4.149E03,5.481E03,<1.0E-07,4.624E-03,,3.545E-04,0.1417,0.1112,0.0159,0.0072,3.527E-03,1.118E-02,,1.040E-03,0.1417,0.0652,100.0,58.6,0.0224,0.9875,56.0,44.0,C:\Users\Labuser\Desktop\Monica\Mahdi_Y_N\KD_H2_H3\260204_004.frd,
x,39,#00AA46,t1D1,FAB2G (Anti-Fab 2nd generation),,,N/A,p1D7,p1D9,h2,,p1D8,p1D6,WT,20,1.32,5,125,-3.943E-04,7.806E-10,7.806E-10,0.000E00,0.000E00,4.000E04,4.000E04,0.000E00,0.000E00,3.122E-05,3.122E-05,0.000E00,0.000E00,0,0,,,5.031E-03,5.031E-03,0.000E00,0.000E00,0,0,,,0.1149,,,,C:\Users\Labuser\Desktop\Monica\Mahdi_Y_N\KD_H2_H3\260204_004.frd,
x,40,#00AA46,t1D1,FAB2G (Anti-Fab 2nd generation),,,N/A,p1D7,p1D10,H3,,p1D8,p1D6,WT,20,1.32,5,125,0.0981,9.179E-09,6.804E-08,7.527E-10,5.202E-09,1.157E06,1.601E04,8.108E04,1.142E03,1.062E-02,1.089E-03,4.525E-04,2.990E-05,0.0203,0.2745,0.0005,0.015,1.553E-01,3.091E-03,1.059E-02,1.727E-04,0.0189,0.1778,93.2,64.8,0.0116,0.9867,7.0,93.0,C:\Users\Labuser\Desktop\Monica\Mahdi_Y_N\KD_H2_H3\260204_004.frd,
x,41,#FF7F00,t1E1,FAB2G (Anti-Fab 2nd generation),,,N/A,p1E7,p1E9,h2,,p1E8,p1E2,Fab22,20,1.40,1,62.5,0.0176,1.140E-09,4.019E-08,2.858E-05,1.643E-03,8.931E06,2.533E05,4.083E09,5.601E09,1.018E-02,1.018E-02,2.552E02,3.501E02,0.0101,0.0119,4.6186,264.2308,5.684E-01,2.601E-02,5.104E02,7.001E02,0.0099,0.0073,98.2,60.9,0.0114,0.8375,46.0,54.0,C:\Users\Labuser\Desktop\Monica\Mahdi_Y_N\KD_H2_H3\260204_005.frd,
x,42,#FF7F00,t1E1,FAB2G (Anti-Fab 2nd generation),,,N/A,p1E7,p1E10,H3,,p1E8,p1E2,Fab22,20,1.49,1,62.5,0.141,<1.0E-12,3.404E-08,,5.964E-09,8.878E04,1.177E05,1.023E04,1.636E04,<1.0E-07,4.007E-03,,4.278E-04,0.1238,0.0959,0.0106,0.0084,5.549E-03,1.136E-02,,1.450E-03,0.1238,0.0621,100.0,64.7,0.0253,0.9878,56.0,44.0,C:\Users\Labuser\Desktop\Monica\Mahdi_Y_N\KD_H2_H3\260204_005.frd,
x,43,#FF7F00,t1E1,FAB2G (Anti-Fab 2nd generation),,,N/A,p1E7,p1E9,h2,,p1E8,p1E3,Fab6,20,1.25,2,62.5,0.0117,6.629E-09,2.250E03,1.111E-09,,4.411E06,7.584E-01,6.946E05,,2.924E-02,1.706E03,1.676E-03,1.029E17,0.0145,0,0.0006,,3.049E-01,1.706E03,4.509E-02,,0.0131,0,90.4,0.0,0.0248,0.7914,100.0,0.0,C:\Users\Labuser\Desktop\Monica\Mahdi_Y_N\KD_H2_H3\260204_005.frd,
x,44,#FF7F00,t1E1,FAB2G (Anti-Fab 2nd generation),,,N/A,p1E7,p1E10,H3,,p1E8,p1E3,Fab6,20,1.25,2,62.5,0.0828,1.277E-08,3.661E-08,1.510E-09,2.454E-09,1.941E06,4.402E04,2.069E05,2.771E03,2.478E-02,1.612E-03,1.268E-03,3.712E-05,0.0161,0.1903,0.0007,0.0084,1.461E-01,4.363E-03,1.420E-02,2.103E-04,0.0134,0.12,83.0,63.1,0.0117,0.9794,8.0,92.0,C:\Users\Labuser\Desktop\Monica\Mahdi_Y_N\KD_H2_H3\260204_005.frd,
x,45,#FF7F00,t1E1,FAB2G (Anti-Fab 2nd generation),,,N/A,p1E7,p1E9,h2,,p1E8,p1E4,Fab10,20,1.18,3,62.5,0.0116,2.412E-09,3.670E-08,8.288E-05,2.159E-03,8.747E06,5.748E05,1.159E10,1.713E10,2.110E-02,2.110E-02,7.244E02,1.070E03,0.0076,0.0078,10.0354,233.3835,5.678E-01,5.702E-02,1.449E03,2.141E03,0.0073,0.0049,96.3,63.0,0.0145,0.8079,49.0,51.0,C:\Users\Labuser\Desktop\Monica\Mahdi_Y_N\KD_H2_H3\260204_005.frd,
x,46,#FF7F00,t1E1,FAB2G (Anti-Fab 2nd generation),,,N/A,p1E7,p1E10,H3,,p1E8,p1E4,Fab10,20,1.17,3,62.5,0.0856,8.377E-09,2.561E-08,8.299E-10,1.638E-09,2.446E06,4.620E04,2.201E05,2.669E03,2.049E-02,1.183E-03,8.497E-04,3.253E-05,0.0182,0.1805,0.0006,0.0072,1.734E-01,4.071E-03,1.460E-02,1.994E-04,0.016,0.1281,88.2,70.9,0.0123,0.9794,9.0,91.0,C:\Users\Labuser\Desktop\Monica\Mahdi_Y_N\KD_H2_H3\260204_005.frd,
x,47,#FF7F00,t1E1,FAB2G (Anti-Fab 2nd generation),,,N/A,p1E7,p1E9,h2,,p1E8,p1E5,Fab11,20,1.46,4,62.5,0.0059,1.445E-08,6.443E-07,2.106E-08,1.142E-04,6.184E06,2.530E07,8.184E06,4.477E09,8.938E-02,1.630E01,5.454E-02,1.679E02,0.0053,0.0615,0.0027,10.2491,4.759E-01,1.788E01,5.661E-01,4.477E02,0.0043,0.0054,81.2,8.8,0.0962,0.4856,8.0,92.0,C:\Users\Labuser\Desktop\Monica\Mahdi_Y_N\KD_H2_H3\260204_005.frd,
x,48,#FF7F00,t1E1,FAB2G (Anti-Fab 2nd generation),,,N/A,p1E7,p1E10,H3,,p1E8,p1E5,Fab11,20,1.46,4,62.5,0.0722,1.139E-08,5.211E-08,1.420E-09,4.056E-09,2.107E06,4.453E04,2.390E05,3.355E03,2.399E-02,2.321E-03,1.248E-03,4.540E-05,0.0153,0.1684,0.0007,0.0089,1.557E-01,5.104E-03,1.618E-02,2.551E-04,0.0129,0.0918,84.6,54.5,0.012,0.9709,8.0,92.0,C:\Users\Labuser\Desktop\Monica\Mahdi_Y_N\KD_H2_H3\260204_005.frd,
x,49,#FF7F00,t1E1,FAB2G (Anti-Fab 2nd generation),,,N/A,p1E7,p1E9,h2,,p1E8,p1E6,WT,20,1.31,5,62.5,0.0007,2.542E-10,2.542E-10,0.000E00,0.000E00,8.000E04,8.000E04,0.000E00,0.000E00,2.034E-05,2.034E-05,0.000E00,0.000E00,0,0,,,5.020E-03,5.020E-03,0.000E00,0.000E00,0,0,,,0.2109,,,,C:\Users\Labuser\Desktop\Monica\Mahdi_Y_N\KD_H2_H3\260204_005.frd,
x,50,#FF7F00,t1E1,FAB2G (Anti-Fab 2nd generation),,,N/A,p1E7,p1E10,H3,,p1E8,p1E6,WT,20,1.31,5,62.5,0.0548,5.610E-09,4.580E-08,9.178E-10,2.899E-09,4.562E06,6.612E04,6.964E05,4.030E03,2.559E-02,3.029E-03,1.505E-03,5.183E-05,0.0115,0.1015,0.0005,0.0039,3.107E-01,7.161E-03,4.503E-02,3.037E-04,0.0105,0.0586,91.8,57.7,0.0117,0.9535,10.0,90.0,C:\Users\Labuser\Desktop\Monica\Mahdi_Y_N\KD_H2_H3\260204_005.frd,
x,51,#462882,t1F1,FAB2G (Anti-Fab 2nd generation),,,N/A,p1F7,p1F9,h2,,p1F8,p1F2,Fab22,20,1.43,1,31.3,0.0112,1.461E-08,4.437E-06,2.886E-09,,2.489E06,1.918E07,4.501E05,,3.635E-02,8.510E01,2.892E-03,3.974E07,0.0137,0.4046,0.0011,,1.141E-01,8.570E01,1.696E-02,,0.0094,0.0028,68.1,0.7,0.0215,0.8011,3.0,97.0,C:\Users\Labuser\Desktop\Monica\Mahdi_Y_N\KD_H2_H3\260204_006.frd,
x,52,#462882,t1F1,FAB2G (Anti-Fab 2nd generation),,,N/A,p1F7,p1F10,H3,,p1F8,p1F2,Fab22,20,1.48,1,31.3,0.0765,1.076E-08,2.720E-08,9.463E-10,3.728E-09,1.063E05,9.876E05,6.555E03,1.096E05,1.144E-03,2.686E-02,7.170E-05,2.159E-03,0.1458,0.0243,0.0051,0.002,4.465E-03,5.772E-02,2.765E-04,5.585E-03,0.1084,0.013,74.4,53.5,0.0107,0.9797,86.0,14.0,C:\Users\Labuser\Desktop\Monica\Mahdi_Y_N\KD_H2_H3\260204_006.frd,
x,53,#462882,t1F1,FAB2G (Anti-Fab 2nd generation),,,N/A,p1F7,p1F9,h2,,p1F8,p1F3,Fab6,20,1.25,2,31.3,0.0059,3.388E-06,1.892E-05,1.181E-03,2.304E-02,1.398E06,1.507E04,4.874E08,1.835E07,4.737E00,2.852E-01,1.244E01,5.720E-01,0.7543,1.6263,261.7605,1978.2283,4.781E00,2.857E-01,2.767E01,1.146E00,0.0069,0.0027,0.9,0.2,0.1215,0.4276,32.0,68.0,C:\Users\Labuser\Desktop\Monica\Mahdi_Y_N\KD_H2_H3\260204_006.frd,
x,54,#462882,t1F1,FAB2G (Anti-Fab 2nd generation),,,N/A,p1F7,p1F10,H3,,p1F8,p1F3,Fab6,20,1.26,2,31.3,0.0508,8.269E-09,2.090E-08,1.119E-09,1.538E-09,4.119E06,1.417E05,5.021E05,9.816E03,3.406E-02,2.962E-03,2.006E-03,7.328E-05,0.0147,0.0818,0.0008,0.0033,1.628E-01,7.391E-03,1.770E-02,3.800E-04,0.0116,0.049,79.1,59.9,0.0103,0.9492,15.0,85.0,C:\Users\Labuser\Desktop\Monica\Mahdi_Y_N\KD_H2_H3\260204_006.frd,
x,55,#462882,t1F1,FAB2G (Anti-Fab 2nd generation),,,N/A,p1F7,p1F9,h2,,p1F8,p1F4,Fab10,20,1.18,3,31.3,0.0072,6.435E-06,8.503E-06,6.627E-03,9.961E-04,7.719E05,1.540E04,7.950E08,1.804E06,4.967E00,1.310E-01,1.863E01,5.000E-02,0.6168,1.5623,633.7665,182.6576,4.991E00,1.314E-01,4.347E01,1.064E-01,0.003,0.0057,0.5,0.4,0.0529,0.5614,28.0,72.0,C:\Users\Labuser\Desktop\Monica\Mahdi_Y_N\KD_H2_H3\260204_006.frd,
x,56,#462882,t1F1,FAB2G (Anti-Fab 2nd generation),,,N/A,p1F7,p1F10,H3,,p1F8,p1F4,Fab10,20,1.17,3,31.3,0.0515,1.965E-08,2.714E-08,3.146E-09,2.768E-09,1.950E06,9.955E04,2.738E05,9.682E03,3.832E-02,2.702E-03,2.951E-03,8.284E-05,0.0173,0.1096,0.0014,0.0071,9.927E-02,5.813E-03,1.151E-02,3.854E-04,0.0106,0.0587,61.4,53.5,0.0109,0.9496,14.0,86.0,C:\Users\Labuser\Desktop\Monica\Mahdi_Y_N\KD_H2_H3\260204_006.frd,
x,57,#462882,t1F1,FAB2G (Anti-Fab 2nd generation),,,N/A,p1F7,p1F9,h2,,p1F8,p1F5,Fab11,20,1.46,4,31.3,0.002,2.507E-10,2.507E-10,0.000E00,0.000E00,1.600E05,1.600E05,0.000E00,0.000E00,4.012E-05,4.012E-05,0.000E00,0.000E00,0,0,,,5.040E-03,5.040E-03,0.000E00,0.000E00,0,0,,,0.2751,,,,C:\Users\Labuser\Desktop\Monica\Mahdi_Y_N\KD_H2_H3\260204_006.frd,
x,58,#462882,t1F1,FAB2G (Anti-Fab 2nd generation),,,N/A,p1F7,p1F10,H3,,p1F8,p1F5,Fab11,20,1.46,4,31.3,0.046,3.792E-09,1.821E-08,6.264E-10,9.071E-10,1.018E07,2.241E05,1.565E06,1.044E04,3.862E-02,4.082E-03,2.338E-03,7.227E-05,0.012,0.0628,0.0005,0.0015,3.568E-01,1.109E-02,5.125E-02,3.984E-04,0.0107,0.0397,89.2,63.2,0.0106,0.9498,16.0,84.0,C:\Users\Labuser\Desktop\Monica\Mahdi_Y_N\KD_H2_H3\260204_006.frd,
x,59,#462882,t1F1,FAB2G (Anti-Fab 2nd generation),,,N/A,p1F7,p1F9,h2,,p1F8,p1F6,WT,20,1.31,5,31.3,0.0038,1.826E-07,3.240E-05,5.708E-05,1.467E-01,1.208E08,2.320E04,3.767E10,1.050E08,2.206E01,7.519E-01,5.035E02,3.298E00,0.0511,2.2874,13.812,10350.1113,2.584E01,7.526E-01,1.681E03,6.581E00,0.0075,0.0022,14.6,0.1,0.1503,0.3829,2.0,98.0,C:\Users\Labuser\Desktop\Monica\Mahdi_Y_N\KD_H2_H3\260204_006.frd,
x,60,#462882,t1F1,FAB2G (Anti-Fab 2nd generation),,,N/A,p1F7,p1F10,H3,,p1F8,p1F6,WT,20,1.31,5,31.3,0.0344,1.412E-09,4.768E-08,4.081E-10,4.102E-09,2.311E07,1.727E05,6.428E06,1.463E04,3.265E-02,8.235E-03,2.553E-03,1.228E-04,0.008,0.0717,0.0004,0.0039,7.549E-01,1.363E-02,2.034E-01,5.800E-04,0.0077,0.0284,95.7,39.6,0.011,0.9444,10.0,90.0,C:\Users\Labuser\Desktop\Monica\Mahdi_Y_N\KD_H2_H3\260204_006.frd,
x,61,#008796,t1G1,FAB2G (Anti-Fab 2nd generation),,,N/A,p1G7,p1G9,h2,,p1G8,p1G2,Fab22,20,1.46,1,15.6,0.0034,9.926E-09,1.368E-06,1.053E-08,1.607E01,8.033E06,5.964E07,7.758E06,6.741E14,7.973E-02,8.160E01,3.505E-02,2.606E08,0.0068,0.0977,0.0034,975629.2917,2.053E-01,8.253E01,1.563E-01,2.712E08,0.0042,0.0011,61.2,1.1,0.0577,0.3237,7.0,93.0,C:\Users\Labuser\Desktop\Monica\Mahdi_Y_N\KD_H2_H3\260204_007.frd,
x,62,#008796,t1G1,FAB2G (Anti-Fab 2nd generation),,,N/A,p1G7,p1G10,H3,,p1G8,p1G2,Fab22,20,1.50,1,15.6,0.0458,1.222E-08,1.447E-05,1.088E-09,1.077E-03,2.725E05,4.206E03,2.277E04,3.128E05,3.331E-03,6.087E-02,1.017E-04,5.192E-03,0.0759,10.271,0.0042,763.6485,7.590E-03,6.093E-02,4.576E-04,1.008E-02,0.0426,0.0111,56.1,0.1,0.0115,0.9412,1.0,99.0,C:\Users\Labuser\Desktop\Monica\Mahdi_Y_N\KD_H2_H3\260204_007.frd,
x,63,#008796,t1G1,FAB2G (Anti-Fab 2nd generation),,,N/A,p1G7,p1G9,h2,,p1G8,p1G3,Fab6,20,1.26,2,15.6,0.0028,7.300E-08,6.606E02,4.550E-07,9.113E23,1.307E07,1.633E00,8.030E07,2.252E21,9.542E-01,1.079E03,1.006E00,6.686E17,0.0367,0,0.201,311539336084393,1.159E00,1.079E03,2.261E00,6.686E17,0.0065,0,17.6,0.0,0.0664,0.3822,100.0,0.0,C:\Users\Labuser\Desktop\Monica\Mahdi_Y_N\KD_H2_H3\260204_007.frd,
x,64,#008796,t1G1,FAB2G (Anti-Fab 2nd generation),,,N/A,p1G7,p1G10,H3,,p1G8,p1G3,Fab6,20,1.27,2,15.6,0.0387,1.078E-09,9.967E-09,3.469E-10,4.780E-10,8.662E07,8.095E05,2.672E07,3.653E04,9.337E-02,8.068E-03,8.563E-03,1.311E-04,0.0103,0.044,0.0004,0.001,1.447E00,2.072E-02,4.262E-01,7.020E-04,0.0096,0.0268,93.5,61.1,0.0121,0.9502,19.0,81.0,C:\Users\Labuser\Desktop\Monica\Mahdi_Y_N\KD_H2_H3\260204_007.frd,
x,65,#008796,t1G1,FAB2G (Anti-Fab 2nd generation),,,N/A,p1G7,p1G9,h2,,p1G8,p1G4,Fab10,20,1.19,3,15.6,0.0111,1.030E-09,7.945E-07,1.191E-10,4.216E-03,1.586E07,2.935E07,1.747E06,1.557E11,1.634E-02,2.332E01,5.717E-04,1.512E03,0.0132,0.0412,0.0003,216.0154,2.642E-01,2.378E01,2.787E-02,3.946E03,0.0124,0.0008,93.8,1.9,0.0137,0.819,24.0,76.0,C:\Users\Labuser\Desktop\Monica\Mahdi_Y_N\KD_H2_H3\260204_007.frd,
x,66,#008796,t1G1,FAB2G (Anti-Fab 2nd generation),,,N/A,p1G7,p1G10,H3,,p1G8,p1G4,Fab10,20,1.19,3,15.6,0.0304,1.821E-07,4.128E-05,9.574E-08,3.463E-02,6.855E04,4.354E03,3.601E04,3.652E06,1.248E-02,1.797E-01,2.325E-04,4.922E-02,0.3322,11.7346,0.1619,9840.3813,1.356E-02,1.798E-01,7.953E-04,1.063E-01,0.0263,0.0044,7.9,0.0,0.0125,0.9327,3.0,97.0,C:\Users\Labuser\Desktop\Monica\Mahdi_Y_N\KD_H2_H3\260204_007.frd,
x,67,#008796,t1G1,FAB2G (Anti-Fab 2nd generation),,,N/A,p1G7,p1G9,h2,,p1G8,p1G5,Fab11,20,1.44,4,15.6,0.003,5.815E-09,1.448E-08,1.697E-08,2.604E-05,1.786E07,1.465E09,4.696E07,2.636E12,1.039E-01,2.121E01,1.315E-01,3.924E02,0.0031,0.0118,0.0036,10.1827,3.830E-01,4.412E01,8.655E-01,4.160E04,0.0023,0.0061,72.9,51.9,0.1041,0.4017,21.0,79.0,C:\Users\Labuser\Desktop\Monica\Mahdi_Y_N\KD_H2_H3\260204_007.frd,
x,68,#008796,t1G1,FAB2G (Anti-Fab 2nd generation),,,N/A,p1G7,p1G10,H3,,p1G8,p1G5,Fab11,20,1.44,4,15.6,0.0299,1.294E-06,1.397E-05,1.714E-03,5.532E-04,1.661E07,1.847E03,2.200E10,7.315E04,2.150E01,2.579E-02,2.271E02,6.755E-04,0.4294,20.8727,564.7727,826.1013,2.176E01,2.582E-02,5.710E02,1.819E-03,0.0051,0.0233,1.2,0.1,0.0234,0.9304,2.0,98.0,C:\Users\Labuser\Desktop\Monica\Mahdi_Y_N\KD_H2_H3\260204_007.frd,
x,69,#008796,t1G1,FAB2G (Anti-Fab 2nd generation),,,N/A,p1G7,p1G9,h2,,p1G8,p1G6,WT,20,1.29,5,15.6,0.0036,3.271E-09,6.132E-08,3.413E-09,3.086E-05,2.264E07,3.899E08,2.157E07,1.959E11,7.404E-02,2.391E01,3.154E-02,7.408E02,0.0057,0.02,0.002,8.1063,4.279E-01,3.000E01,3.686E-01,3.802E03,0.0047,0.0041,82.7,20.3,0.0697,0.5062,22.0,78.0,C:\Users\Labuser\Desktop\Monica\Mahdi_Y_N\KD_H2_H3\260204_007.frd,
x,70,#008796,t1G1,FAB2G (Anti-Fab 2nd generation),,,N/A,p1G7,p1G10,H3,,p1G8,p1G6,WT,20,1.30,5,15.6,0.0284,1.374E-07,5.141E-06,1.815E-05,7.518E-05,1.620E08,4.611E03,2.137E10,6.743E04,2.227E01,2.371E-02,1.595E02,5.909E-04,0.0721,6.9081,8.764,100.7747,2.480E01,2.378E-02,4.935E02,1.645E-03,0.0074,0.0209,10.2,0.3,0.0183,0.939,1.0,99.0,C:\Users\Labuser\Desktop\Monica\Mahdi_Y_N\KD_H2_H3\260204_007.frd,
x,71,#F06EA5,t1H1,FAB2G (Anti-Fab 2nd generation),,,N/A,p1H7,p1H9,Buffer,,p1H8,p1H2,Buffer,N/A,0.04,1,N/A,0.0491,,,,,,,,,,,,,,,,,,,,,,,,,,,,,C:\Users\Labuser\Desktop\Monica\Mahdi_Y_N\KD_H2_H3\260204_008.frd,
x,72,#F06EA5,t1H1,FAB2G (Anti-Fab 2nd generation),,,N/A,p1H7,p1H10,Buffer,,p1H8,p1H2,Buffer,N/A,0.06,1,N/A,0.0689,,,,,,,,,,,,,,,,,,,,,,,,,,,,,C:\Users\Labuser\Desktop\Monica\Mahdi_Y_N\KD_H2_H3\260204_008.frd,
x,73,#F06EA5,t1H1,FAB2G (Anti-Fab 2nd generation),,,N/A,p1H7,p1H9,Buffer,,p1H8,p1H3,Buffer,N/A,0.06,2,N/A,0.0481,,,,,,,,,,,,,,,,,,,,,,,,,,,,,C:\Users\Labuser\Desktop\Monica\Mahdi_Y_N\KD_H2_H3\260204_008.frd,
x,74,#F06EA5,t1H1,FAB2G (Anti-Fab 2nd generation),,,N/A,p1H7,p1H10,Buffer,,p1H8,p1H3,Buffer,N/A,0.05,2,N/A,0.0578,,,,,,,,,,,,,,,,,,,,,,,,,,,,,C:\Users\Labuser\Desktop\Monica\Mahdi_Y_N\KD_H2_H3\260204_008.frd,
x,75,#F06EA5,t1H1,FAB2G (Anti-Fab 2nd generation),,,N/A,p1H7,p1H9,Buffer,,p1H8,p1H4,Buffer,N/A,0.05,3,N/A,0.0431,,,,,,,,,,,,,,,,,,,,,,,,,,,,,C:\Users\Labuser\Desktop\Monica\Mahdi_Y_N\KD_H2_H3\260204_008.frd,
x,76,#F06EA5,t1H1,FAB2G (Anti-Fab 2nd generation),,,N/A,p1H7,p1H10,Buffer,,p1H8,p1H4,Buffer,N/A,0.05,3,N/A,0.0554,,,,,,,,,,,,,,,,,,,,,,,,,,,,,C:\Users\Labuser\Desktop\Monica\Mahdi_Y_N\KD_H2_H3\260204_008.frd,
x,77,#F06EA5,t1H1,FAB2G (Anti-Fab 2nd generation),,,N/A,p1H7,p1H9,Buffer,,p1H8,p1H5,Buffer,N/A,0.05,4,N/A,0.0375,,,,,,,,,,,,,,,,,,,,,,,,,,,,,C:\Users\Labuser\Desktop\Monica\Mahdi_Y_N\KD_H2_H3\260204_008.frd,
x,78,#F06EA5,t1H1,FAB2G (Anti-Fab 2nd generation),,,N/A,p1H7,p1H10,Buffer,,p1H8,p1H5,Buffer,N/A,0.05,4,N/A,0.0507,,,,,,,,,,,,,,,,,,,,,,,,,,,,,C:\Users\Labuser\Desktop\Monica\Mahdi_Y_N\KD_H2_H3\260204_008.frd,
x,79,#F06EA5,t1H1,FAB2G (Anti-Fab 2nd generation),,,N/A,p1H7,p1H9,Buffer,,p1H8,p1H6,Buffer,N/A,0.05,5,N/A,0.0343,,,,,,,,,,,,,,,,,,,,,,,,,,,,,C:\Users\Labuser\Desktop\Monica\Mahdi_Y_N\KD_H2_H3\260204_008.frd,
x,80,#F06EA5,t1H1,FAB2G (Anti-Fab 2nd generation),,,N/A,p1H7,p1H10,Buffer,,p1H8,p1H6,Buffer,N/A,0.04,5,N/A,0.0446,,,,,,,,,,,,,,,,,,,,,,,,,,,,,C:\Users\Labuser\Desktop\Monica\Mahdi_Y_N\KD_H2_H3\260204_008.frd,
